Workbook

Sheet Hoja1
A2: Cod. Articulo | B2: Descripción | C2: Saldo
A3: 209048 | B3: JR. FOUR LOKO GOLD LATA 473ML X24 | C3: 2 | D3: =VLOOKUP(A3,Ranking!A:F,6,0) -> #N/A
A4: 269002 | B4: JR. FOUR LOKO SANDIA LATA 473ML X24 | C4: 0 | D4: =VLOOKUP(A4,Ranking!A:F,6,0) -> 1
A5: 269026 | B5: JR. FOUR LOKO PURPLE LATA 473ML X24 | C5: 0 | D5: =VLOOKUP(A5,Ranking!A:F,6,0) -> #N/A
A6: 269049 | B6: JR. FOUR LOKO BLUE LATA 473ML X24 | C6: 2 | D6: =VLOOKUP(A6,Ranking!A:F,6,0) -> #N/A
A7: 269050 | B7: JR. FOUR LOKO GREEN LATA 473ML X24 | C7: 2 | D7: =VLOOKUP(A7,Ranking!A:F,6,0) -> 1 | E7: =VLOOKUP(A7,[1]Sheet!$C:$G,5,0) -> 7.92 | F7: =+E7*C7 -> 15.84
A8: 269051 | B8: JR. FOUR LOKO PONCHE DE FRUTAS LATA 473ML X24 | C8: 3 | D8: =VLOOKUP(A8,Ranking!A:F,6,0) -> #N/A
A9: 4980600 | B9: JR. FOUR LOKO MARACUYA LATA 473ML X24 | C9: 0 | D9: =VLOOKUP(A9,Ranking!A:F,6,0) -> #N/A
A10: 4981612 | B10: JR. FOUR LOKO WHITE 473ML X24 | C10: 0 | D10: =VLOOKUP(A10,Ranking!A:F,6,0) -> #N/A
A11: ACO1 | B11: ACT.OLIVA VIDRIO 1LT X24 | C11: 4 | D11: =VLOOKUP(A11,Ranking!A:F,6,0) -> 1 | E11: =VLOOKUP(A11,[1]Sheet!$C:$G,5,0) -> 44 | F11: =+E11*C11 -> 176
A12: ACO14 | B12: ACT.OLIVA VIDRIO 200ML X36 | C12: 6 | D12: =VLOOKUP(A12,Ranking!A:F,6,0) -> 2 | E12: =VLOOKUP(A12,[1]Sheet!$C:$G,5,0) -> 9.5 | F12: =+E12*C12 -> 57
A13: ACO2 | B13: ACT.OLIVA VIDRIO 500ML X36 | C13: 4 | D13: =VLOOKUP(A13,Ranking!A:F,6,0) -> 2 | E13: =VLOOKUP(A13,[1]Sheet!$C:$G,5,0) -> 22 | F13: =+E13*C13 -> 88
A14: ACO3 | B14: ACT.OLIVA VIDRIO 250ML X36 | C14: 0 | D14: =VLOOKUP(A14,Ranking!A:F,6,0) -> #N/A
A15: ACO7 | B15: PACK ACT.OLIVA 4 PRE.VIDRI (1LT+500ML+250ML+JAR.260ML) | C15: 1 | D15: =VLOOKUP(A15,Ranking!A:F,6,0) -> #N/A
A16: ACOJ | B16: ACT.OLIVA VIDRIO JARRITA 260ML X36 | C16: 2 | D16: =VLOOKUP(A16,Ranking!A:F,6,0) -> 2 | E16: =VLOOKUP(A16,[1]Sheet!$C:$G,5,0) -> 13 | F16: =+E16*C16 -> 26
A17: 216001 | B17: ESPUMANTE V.VIEJA NAPOLEON MOSCATO BLANCO 750ML | C17: 0 | D17: =VLOOKUP(A17,Ranking!A:F,6,0) -> #N/A
A18: 700001 | B18: PACK PISCO VARGAS QEBRT 750ML+JAR DE GOMA | C18: 0 | D18: =VLOOKUP(A18,Ranking!A:F,6,0) -> #N/A
A19: 701347 | B19: PACK PISCO VARGAS 750ML+ PISCO VARGAS 125ML | C19: 2 | D19: =VLOOKUP(A19,Ranking!A:F,6,0) -> #N/A
A20: 703444 | B20: PACK VIÑA VIEJA ROSE 750ML+ PISCO VARGAS 125ML | C20: 1 | D20: =VLOOKUP(A20,Ranking!A:F,6,0) -> #N/A
A21: 704236 | B21: VINO VIÑA VIEJA BORGOÑA LATA 473ML X24 | C21: 3 | D21: =VLOOKUP(A21,Ranking!A:F,6,0) -> #N/A
A22: 704237 | B22: VINO VIÑA VIEJA ROSE LATA 473ML | C22: 2 | D22: =VLOOKUP(A22,Ranking!A:F,6,0) -> #N/A
A23: 704422 | B23: VINO VIÑA VIEJA MALBEC LATA 473ML | C23: 14 | D23: =VLOOKUP(A23,Ranking!A:F,6,0) -> #N/A
A24: 704656 | B24: ESPUMANTE V.VIEJA NAPOLEON MOSCATO ROSE X 750ML | C24: 2 | D24: =VLOOKUP(A24,Ranking!A:F,6,0) -> #N/A
A25: 705605 | B25: RON BAHIA BLACK STAR 750ML X12 | C25: 2 | D25: =VLOOKUP(A25,Ranking!A:F,6,0) -> #N/A
A26: 705606 | B26: RON BAHIA GOLD 750ML X12 | C26: 2 | D26: =VLOOKUP(A26,Ranking!A:F,6,0) -> #N/A
A27: 128973 | B27: TAKIS ORIGINAL 56G FLOW BAR EXP X42 | C27: 3 | D27: =VLOOKUP(A27,Ranking!A:F,6,0) -> 1 | E27: =VLOOKUP(A27,[1]Sheet!$C:$G,5,0) -> 1.7 | F27: =+E27*C27 -> 5.1
A28: 128975 | B28: TAKIS XPLOSION 56G FLOW BAR EXP X42 | C28: 4 | D28: =VLOOKUP(A28,Ranking!A:F,6,0) -> #N/A
A29: 128976 | B29: TAKIS FUEGO 56G FLOW BAR EXP X42 | C29: 2 | D29: =VLOOKUP(A29,Ranking!A:F,6,0) -> #N/A
A30: 673 | B30: C&C FRUIT PUNCH 355ML X 24 | C30: 4 | D30: =VLOOKUP(A30,Ranking!A:F,6,0) -> 1 | E30: =VLOOKUP(A30,[1]Sheet!$C:$G,5,0) -> 2.5 | F30: =+E30*C30 -> 10
A31: 675 | B31: C&C GRAPE LATA 355ML X 24 | C31: 1 | D31: =VLOOKUP(A31,Ranking!A:F,6,0) -> 1 | E31: =VLOOKUP(A31,[1]Sheet!$C:$G,5,0) -> 2.5 | F31: =+E31*C31 -> 2.5
A32: 1003001 | B32: TEQUILA JOSE CUER RUB (ESP) 750ML X12 | C32: 1 | D32: =VLOOKUP(A32,Ranking!A:F,6,0) -> #N/A
A33: 1003002 | B33: TEQUILA JOSE C BLANCO(ESP) 750ML X12 | C33: 2 | D33: =VLOOKUP(A33,Ranking!A:F,6,0) -> #N/A
A34: 40000041 | B34: R.CARTAVIO SUPERIOR 750ML X12 | C34: 0 | D34: =VLOOKUP(A34,Ranking!A:F,6,0) -> #N/A
A35: 40000042 | B35: R.CARTAVIO BLACK 750ML X12 | C35: 0 | D35: =VLOOKUP(A35,Ranking!A:F,6,0) -> #N/A
A36: 40000055 | B36: R.CARTAVIO XO 50ML X120 | C36: 0 | D36: =VLOOKUP(A36,Ranking!A:F,6,0) -> 1
A37: 40000106 | B37: WHIS.OLD TIMES BLACK 750ML X12 | C37: 0 | D37: =VLOOKUP(A37,Ranking!A:F,6,0) -> #N/A
A38: 40000107 | B38: WHIS.OLD TIMES RED 750ML X12 | C38: 0 | D38: =VLOOKUP(A38,Ranking!A:F,6,0) -> #N/A
A39: 40000108 | B39: VODKA RUSSKAYA 750ML X12 | C39: 0 | D39: =VLOOKUP(A39,Ranking!A:F,6,0) -> #N/A
A40: 40000157 | B40: R.CARTAVIO XO 750ML X6 | C40: 2 | D40: =VLOOKUP(A40,Ranking!A:F,6,0) -> #N/A
A41: 40000785 | B41: R.CARTAVIO RESERVA 750ML X12 | C41: 1 | D41: =VLOOKUP(A41,Ranking!A:F,6,0) -> #N/A
A42: 40000934 | B42: R.CART.SELECTO 5AÑ BLANCO 750ML X12 | C42: 0 | D42: =VLOOKUP(A42,Ranking!A:F,6,0) -> #N/A
A43: 40001153 | B43: R.CARTAVIO GRAN SOLERA 750M6 X 6 | C43: 3 | D43: =VLOOKUP(A43,Ranking!A:F,6,0) -> #N/A
... A71: AC20038 | B71: VINO ROSE 2VASOS SEMI SECO 750ML X6 | C71: 0 | D71: =VLOOKUP(A71,Ranking!A:F,6,0) -> 1
A72: 11078 | B72: LAGUNITAS IPA BOTELLA 354 ML X 12 UN | C72: 1 | D72: =VLOOKUP(A72,Ranking!A:F,6,0) -> 1 | E72: =VLOOKUP(A72,[1]Sheet!$C:$G,5,0) -> 13 | F72: =+E72*C72 -> 13
A73: 251652 | B73: NUTELLA B READY X 36 UNID | C73: 0 | D73: =VLOOKUP(A73,Ranking!A:F,6,0) -> #N/A
A74: 628892 | B74: NUTELLA I GO BREADSTICK WITH X 16 UND | C74: 0 | D74: =VLOOKUP(A74,Ranking!A:F,6,0) -> #N/A
A75: CERV05 | B75: CERVEZA SAMUEL ADAMS BOT ML X 24 | C75: 1 | D75: =VLOOKUP(A75,Ranking!A:F,6,0) -> #N/A
A76: 2022 | B76: MEX CREAM MANGO CON TEQUILA 750ML X 6 | C76: 2 | D76: =VLOOKUP(A76,Ranking!A:F,6,0) -> #N/A
A77: 2023 | B77: MEX CREAM FRESA CON TEQUILA 750ML X 6 | C77: 0 | D77: =VLOOKUP(A77,Ranking!A:F,6,0) -> #N/A
A78: 669 | B78: PISCO SOL/T QUEBRANTA 4L X 4 | C78: 1 | D78: =VLOOKUP(A78,Ranking!A:F,6,0) -> #N/A
A79: GF0001 | B79: GOLD PREMIUM FORTUNE X750ML X6 | C79: 0 | D79: =VLOOKUP(A79,Ranking!A:F,6,0) -> #N/A
A80: GF0002 | B80: GOLD PREMIUM (FUSION) GLACIAR 750ML X6 | C80: 2 | D80: =VLOOKUP(A80,Ranking!A:F,6,0) -> #N/A
A81: GF0003 | B81: GOLD FUSION VULCANO 750ML X6 | C81: 2 | D81: =VLOOKUP(A81,Ranking!A:F,6,0) -> #N/A
A82: GF0005 | B82: GOLD PREMIUM ROMANTIC X750ML X6 | C82: 1 | D82: =VLOOKUP(A82,Ranking!A:F,6,0) -> #N/A
A83: GF0006 | B83: GOLD PREMIUM WILD X750ML X6 | C83: 1 | D83: =VLOOKUP(A83,Ranking!A:F,6,0) -> #N/A
A84: GF0007 | B84: GOLD PREMIUM ENIGMA X750ML X6 | C84: 0 | D84: =VLOOKUP(A84,Ranking!A:F,6,0) -> #N/A
... A96: V0843 | B96: VINO CRIMINAL VARIETAL MALBEC 750ML X 6 | C96: 4 | D96: =VLOOKUP(A96,Ranking!A:F,6,0) -> #N/A
A97: V0844 | B97: CRIMINAL COLECCION PRIVADA ROBLE MALBEC 750ML X 6 | C97: 2 | D97: =VLOOKUP(A97,Ranking!A:F,6,0) -> 2 | E97: =VLOOKUP(A97,[1]Sheet!$C:$G,5,0) -> 52 | F97: =+E97*C97 -> 104
A98: ISMG0276 | B98: AGUA CIELO SIN/G 625MLX15 | C98: 0 | D98: =VLOOKUP(A98,Ranking!A:F,6,0) -> #N/A
A99: ISMG0277 | B99: 1 UND AGUA CIELO SIN/G 625MLX15 | C99: 0 | D99: =VLOOKUP(A99,Ranking!A:F,6,0) -> #N/A
A100: 0102001 | B100: WHIS.BALLANTINES FINEST 700ML X12 | C100: 0 | D100: =VLOOKUP(A100,Ranking!A:F,6,0) -> #N/A
A101: 0104001 | B101: WHIS.CHIVAS REGAL 12AÑ 700ML X12 | C101: 0 | D101: =VLOOKUP(A101,Ranking!A:F,6,0) -> #N/A
A102: 0104002 | B102: CHIVAS REGAL EX 13AÑ( SHERRY ROJO)700MLX6 | C102: 3 | D102: =VLOOKUP(A102,Ranking!A:F,6,0) -> #N/A
A103: 0104004 | B103: MINI.WHIS.CHIVAS REGAL 12 AÑOS X 50ML | C103: 2 | D103: =VLOOKUP(A103,Ranking!A:F,6,0) -> 1 | E103: =VLOOKUP(A103,[1]Sheet!$C:$G,5,0) -> 11.6 | F103: =+E103*C103 -> 23.2
A104: 0107001 | B104: WHIS.SOMETHING SPEC.750ML X12 | C104: 0 | D104: =VLOOKUP(A104,Ranking!A:F,6,0) -> #N/A
A105: 0210003 | B105: R.HAVANA CLUB AÑEJO RES.750ML X12 | C105: 0 | D105: =VLOOKUP(A105,Ranking!A:F,6,0) -> #N/A
A106: 0210025 | B106: R.HAVANA CLUB 7AÑ 700ML X12 | C106: 0 | D106: =VLOOKUP(A106,Ranking!A:F,6,0) -> #N/A
A107: 0303001 | B107: VODKA ABSOLUT 700ML X12 | C107: 0 | D107: =VLOOKUP(A107,Ranking!A:F,6,0) -> #N/A
A108: 0617012 | B108: RICCADONNA ESP.RUBY 750MLX6 | C108: 4 | D108: =VLOOKUP(A108,Ranking!A:F,6,0) -> #N/A
A109: 0617013 | B109: RICCADONNA ESP.ASTI 750ML X6 | C109: 3 | D109: =VLOOKUP(A109,Ranking!A:F,6,0) -> #N/A
A110: 0617014 | B110: RICCADONNA ESP.MOSCATO ROSE 750ML X6 | C110: 3 | D110: =VLOOKUP(A110,Ranking!A:F,6,0) -> #N/A
A111: 0617015 | B111: RICCADONNA ESP.PROSECCO 750ML X6 | C111: 2 | D111: =VLOOKUP(A111,Ranking!A:F,6,0) -> #N/A
A112: 0617016 | B112: RICCADONNA ESP.ASTI 200ML X24 | C112: 1 | D112: =VLOOKUP(A112,Ranking!A:F,6,0) -> #N/A
A113: 0617017 | B113: RICCADONNA ESP.RUBY 200ML X24 | C113: 0 | D113: =VLOOKUP(A113,Ranking!A:F,6,0) -> #N/A
A114: 104003 | B114: WHIS.CHIVAS REGAL 18AÑ 700ML X6 | C114: 0 | D114: =VLOOKUP(A114,Ranking!A:F,6,0) -> #N/A
A115: 1040060 | B115: WHIS.CHIVAS REGAL EXTRA 750ML X 6 | C115: 0 | D115: =VLOOKUP(A115,Ranking!A:F,6,0) -> #N/A
... A124: 403006 | B124: GIN BEEFEATER PINK 700ML X6 | C124: 4 | D124: =VLOOKUP(A124,Ranking!A:F,6,0) -> #N/A
A125: APE0109 | B125: ANGOSTURA AROMATIC BITTER 200ML X24 | C125: 2 | D125: =VLOOKUP(A125,Ranking!A:F,6,0) -> 2 | E125: =VLOOKUP(A125,[1]Sheet!$C:$G,5,0) -> 66.4 | F125: =+E125*C125 -> 132.8
A126: APE0154 | B126: ANGOSTURA COCOA BITTERS 100ML X 24 | C126: 3 | D126: =VLOOKUP(A126,Ranking!A:F,6,0) -> #N/A
A127: APE0155 | B127: ANGOSTURA ORANGE BITTER 100ML X 24 | C127: 1 | D127: =VLOOKUP(A127,Ranking!A:F,6,0) -> 2 | E127: =VLOOKUP(A127,[1]Sheet!$C:$G,5,0) -> 43.05 | F127: =+E127*C127 -> 43.05
A128: APE0156 | B128: ANGOSTURA AROMATIC BITTER 100M X 12 | C128: 1 | D128: =VLOOKUP(A128,Ranking!A:F,6,0) -> 2 | E128: =VLOOKUP(A128,[1]Sheet!$C:$G,5,0) -> 41.29 | F128: =+E128*C128 -> 41.29
A129: APE0166 | B129: AMARGO CHUNPI 75ML | C129: 1 | D129: =VLOOKUP(A129,Ranking!A:F,6,0) -> #N/A
A130: CHA1901 | B130: RICCADONNA ESP.PROSECCO 200ML X24 | C130: 0 | D130: =VLOOKUP(A130,Ranking!A:F,6,0) -> 1
A131: CHA1902 | B131: RICCADONNA ESP.MOSCATO 200ML X24 | C131: 1 | D131: =VLOOKUP(A131,Ranking!A:F,6,0) -> #N/A
A132: DUFF01 | B132: DUFF LATA 330ML X 4 | C132: 16 | D132: =VLOOKUP(A132,Ranking!A:F,6,0) -> 4 | E132: =VLOOKUP(A132,[1]Sheet!$C:$G,5,0) -> 2.48 | F132: =+E132*C132 -> 39.68
A133: ESP0096 | B133: ESPUMANTE CINZANO TO SPRITS 750MLX6 | C133: 5 | D133: =VLOOKUP(A133,Ranking!A:F,6,0) -> #N/A
A134: ESP0257 | B134: ESPUM. CINZANO PROSECCO 750MLX6 | C134: 2 | D134: =VLOOKUP(A134,Ranking!A:F,6,0) -> #N/A
A135: GIN0007 | B135: GIN BULLDOG 750ML X6 | C135: 1 | D135: =VLOOKUP(A135,Ranking!A:F,6,0) -> #N/A
A136: GIN0027 | B136: GIN BEEFEATER BLOOD ORANGE 700ML X 6 | C136: 1 | D136: =VLOOKUP(A136,Ranking!A:F,6,0) -> #N/A
A137: GIN0220 | B137: GIN TANQUERAY FLOR DE SEVILLA 700ML | C137: 3 | D137: =VLOOKUP(A137,Ranking!A:F,6,0) -> #N/A
A138: GIN0222 | B138: GIN TANQUERAY LONDON 750ML X 6 | C138: 3 | D138: =VLOOKUP(A138,Ranking!A:F,6,0) -> #N/A
A139: GIN0294 | B139: GIN TANQUERAY FLOR DE SEVILLA 700ML+COPA | C139: 1 | D139: =VLOOKUP(A139,Ranking!A:F,6,0) -> #N/A
A140: GIN0462 | B140: PK GIN BEEFEATER DRY 700ML+ABSOLUT 375ML | C140: 0 | D140: =VLOOKUP(A140,Ranking!A:F,6,0) -> #N/A
A141: GIN0463 | B141: PK GIN BEEFEATER PINK 700ML+ABSOLUT 375ML | C141: 0 | D141: =VLOOKUP(A141,Ranking!A:F,6,0) -> #N/A
A142: JAR0016 | B142: JARABE DE GRANADINA VARGAS 750MLX12 | C142: 1 | D142: =VLOOKUP(A142,Ranking!A:F,6,0) -> #N/A
A143: LAN001 | B143: VINO LAN RESERVA X 750ML | C143: 3 | D143: =VLOOKUP(A143,Ranking!A:F,6,0) -> #N/A
A144: LIC0012 | B144: LICOR APEROL 750ML X6 | C144: 2 | D144: =VLOOKUP(A144,Ranking!A:F,6,0) -> #N/A
... A172: VIN0108 | B172: VINO LUIGI BOSCA CABERNET SAUVIGNON X 750ML | C172: 2 | D172: =VLOOKUP(A172,Ranking!A:F,6,0) -> #N/A
A173: VIN0114 | B173: VINO LUIGI BOSCA MALBEC X 750ML | C173: 2 | D173: =VLOOKUP(A173,Ranking!A:F,6,0) -> 1 | E173: =VLOOKUP(A173,[1]Sheet!$C:$G,5,0) -> 73.99 | F173: =+E173*C173 -> 147.98
A174: VIN2534 | B174: VINO LUIGI BOSCA DE SANGRE MALBEC X 750ML | C174: 2 | D174: =VLOOKUP(A174,Ranking!A:F,6,0) -> #N/A
...

Sheet tienda
A1: Cod. Articulo | B1: Descripción | C1: Precio | D1: Costo | E1: Proveedor | F1: Saldo | G1: RETORNAR | H1: FACTURAR | I1: queda stock en Tienda | J1: saldo | K1: Soles | L1: EMPRESA
A2: 209048 | B2: JR. FOUR LOKO GOLD LATA 473ML X24 | C2: =VLOOKUP(A2,[2]Hoja2!$A:$F,6,0) -> 9.1 | D2: 7.92 | E2: 4LO | F2: 2 | H2: 2 | I2: =+F2-G2-H2 -> 0 | J2: =+F2-G2-H2-I2 -> 0 | K2: =+H2*D2 -> 15.84 | L2: CL1 | M2: f112-531
A3: 269002 | B3: JR. FOUR LOKO SANDIA LATA 473ML X24 | D3: 7.92 | E3: 4LO | F3: 0 | J3: =+F3-G3-H3-I3 -> 0 | O3: Etiquetas de fila | P3: Suma de Soles
A4: 269026 | B4: JR. FOUR LOKO PURPLE LATA 473ML X24 | D4: 7.92 | E4: 4LO | F4: 0 | J4: =+F4-G4-H4-I4 -> 0 | O4: 4LO | P4: 63.36
A5: 269049 | B5: JR. FOUR LOKO BLUE LATA 473ML X24 | C5: =VLOOKUP(A5,[2]Hoja2!$A:$F,6,0) -> 9.1 | D5: 7.92 | E5: 4LO | F5: 2 | H5: 2 | I5: =+F5-G5-H5 -> 0 | J5: =+F5-G5-H5-I5 -> 0 | K5: =+H5*D5 -> 15.84 | L5: CL1 | M5: f112-507 | O5: AGC | P5: 160.95
A6: 269050 | B6: JR. FOUR LOKO GREEN LATA 473ML X24 | C6: =VLOOKUP(A6,[2]Hoja2!$A:$F,6,0) -> 9.1 | D6: 7.92 | E6: 4LO | F6: 1 | H6: 1 | I6: =+F6-G6-H6 -> 0 | J6: =+F6-G6-H6-I6 -> 0 | K6: =+H6*D6 -> 7.92 | L6: CL1 | M6: F112-507 | O6: AVV | P6: 47.8
A7: 269051 | B7: JR. FOUR LOKO PONCHE DE FRUTAS LATA 473ML X24 | C7: =VLOOKUP(A7,[2]Hoja2!$A:$F,6,0) -> 9.1 | D7: 7.92 | E7: 4LO | F7: 3 | H7: 3 | I7: =+F7-G7-H7 -> 0 | J7: =+F7-G7-H7-I7 -> 0 | K7: =+H7*D7 -> 23.76 | L7: CL1 | O7: BIM | P7: 15.3
A8: 4980600 | B8: JR. FOUR LOKO MARACUYA LATA 473ML X24 | D8: 7.92 | E8: 4LO | F8: 0 | J8: =+F8-G8-H8-I8 -> 0 | O8: C&C | P8: 10
A9: 4981612 | B9: JR. FOUR LOKO WHITE 473ML X24 | D9: 7.92 | E9: 4LO | F9: 0 | J9: =+F9-G9-H9-I9 -> 0 | O9: CAR | P9: 268.15
A10: ACO1 | B10: ACT.OLIVA VIDRIO 1LT X24 | C10: =VLOOKUP(A10,[2]Hoja3!$D:$P,13,0) -> 55.1 | D10: 44 | E10: AGC | F10: 4 | H10: 1 | I10: =+F10-G10-H10 -> 3 | J10: =+F10-G10-H10-I10 -> 0 | K10: =+H10*D10 -> 44 | L10: CL1 | M10: F111-159746 | O10: COP | P10: 151.25
A11: ACO14 | B11: ACT.OLIVA VIDRIO 200ML X36 | C11: =VLOOKUP(A11,[2]Hoja3!$D:$P,13,0) -> 12.3 | D11: 9.5 | E11: AGC | F11: 6 | H11: 1 | I11: =+F11-G11-H11 -> 5 | J11: =+F11-G11-H11-I11 -> 0 | K11: =+H11*D11 -> 9.5 | L11: CL1 | M11: F111-159746 | O11: ESM | P11: 26
A12: ACO2 | B12: ACT.OLIVA VIDRIO 500ML X36 | C12: =VLOOKUP(A12,[2]Hoja3!$D:$P,13,0) -> 28.15 | D12: 22 | E12: AGC | F12: 4 | H12: 1 | I12: =+F12-G12-H12 -> 3 | J12: =+F12-G12-H12-I12 -> 0 | K12: =+H12*D12 -> 22 | L12: CL1 | M12: F111-159746 | O12: EXC | P12: 0
A13: ACO3 | B13: ACT.OLIVA VIDRIO 250ML X36 | D13: 13.5 | E13: AGC | F13: 0 | G13: 0 | J13: =+F13-G13-H13-I13 -> 0 | O13: FDL | P13: 0
A14: ACO7 | B14: PACK ACT.OLIVA 4 PRE.VIDRI (1LT+500ML+250ML+JAR.260ML) | C14: =VLOOKUP(A14,[2]Hoja3!$D:$P,13,0) -> 82.8 | D14: 72.45 | E14: AGC | F14: 1 | H14: 1 | I14: =+F14-G14-H14 -> 0 | J14: =+F14-G14-H14-I14 -> 0 | K14: =+H14*D14 -> 72.45 | L14: CL1 | O14: GCC | P14: 4.8
A15: ACOJ | B15: ACT.OLIVA VIDRIO JARRITA 260ML X36 | C15: =VLOOKUP(A15,[2]Hoja3!$D:$P,13,0) -> 17 | D15: 13 | E15: AGC | F15: 2 | H15: 1 | I15: =+F15-G15-H15 -> 1 | J15: =+F15-G15-H15-I15 -> 0 | K15: =+H15*D15 -> 13 | L15: CL1 | M15: F111-137631 | O15: GCP | P15: 11.65
A16: 216001 | B16: ESPUMANTE V.VIEJA NAPOLEON MOSCATO BLANCO 750ML | D16: 8.73 | E16: AVV | F16: 0 | G16: 0 | J16: =+F16-G16-H16-I16 -> 0 | O16: GKP | P16: 52
A17: 700001 | B17: PACK PISCO VARGAS QEBRT 750ML+JAR DE GOMA | D17: 27.3 | E17: AVV | F17: 0 | G17: 0 | J17: =+F17-G17-H17-I17 -> 0 | O17: ISM
A18: 701347 | B18: PACK PISCO VARGAS 750ML+ PISCO VARGAS 125ML | C18: =VLOOKUP(A18,[2]Hoja2!$A:$F,6,0) -> 23.55 | D18: 19.3 | E18: AVV | F18: 2 | H18: 1 | I18: =+F18-G18-H18 -> 1 | J18: =+F18-G18-H18-I18 -> 0 | K18: =+H18*D18 -> 19.3 | L18: CL1 | O18: IWA | P18: 406.97
A19: 703444 | B19: PACK VIÑA VIEJA ROSE 750ML+ PISCO VARGAS 125ML | C19: =VLOOKUP(A19,[2]Hoja2!$A:$F,6,0) -> 12.86 | D19: 11.09 | E19: AVV | F19: 1 | G19: 1 | J19: =+F19-G19-H19-I19 -> 0 | K19: =+H19*D19 -> 0 | O19: JEI | P19: 0
A20: 704236 | B20: VINO VIÑA VIEJA BORGOÑA LATA 473ML X24 | C20: =VLOOKUP(A20,[2]Hoja2!$A:$F,6,0) -> 5.88 | D20: 4.75 | E20: AVV | F20: 3 | H20: 2 | I20: =+F20-G20-H20 -> 1 | J20: =+F20-G20-H20-I20 -> 0 | K20: =+H20*D20 -> 9.5 | L20: CL1 | O20: JYA | P20: 314
A21: 704237 | B21: VINO VIÑA VIEJA ROSE LATA 473ML | C21: =VLOOKUP(A21,[2]Hoja2!$A:$F,6,0) -> 5.88 | D21: 4.75 | E21: AVV | F21: 2 | H21: 2 | I21: =+F21-G21-H21 -> 0 | J21: =+F21-G21-H21-I21 -> 0 | K21: =+H21*D21 -> 9.5 | L21: CL1 | O21: K&M | P21: 10.5
A22: 704422 | B22: VINO VIÑA VIEJA MALBEC LATA 473ML | C22: =VLOOKUP(A22,[2]Hoja2!$A:$F,6,0) -> 5.88 | D22: 4.75 | E22: AVV | F22: 14 | H22: 2 | I22: =+F22-G22-H22 -> 12 | J22: =+F22-G22-H22-I22 -> 0 | K22: =+H22*D22 -> 9.5 | L22: CL1 | O22: KLS | P22: 133.93
A23: 704656 | B23: ESPUMANTE V.VIEJA NAPOLEON MOSCATO ROSE X 750ML | C23: =VLOOKUP(A23,[2]Hoja2!$A:$F,6,0) -> 10.33 | D23: 8.73 | E23: AVV | F23: 2 | G23: 2 | J23: =+F23-G23-H23-I23 -> 0 | K23: =+H23*D23 -> 0 | O23: OCU | P23: 0
A24: 705605 | B24: RON BAHIA BLACK STAR 750ML X12 | C24: =VLOOKUP(A24,[2]Hoja2!$A:$F,6,0) -> 16.51 | D24: 14.11 | E24: AVV | F24: 2 | G24: 2 | J24: =+F24-G24-H24-I24 -> 0 | K24: =+H24*D24 -> 0 | O24: OTR | P24: 152.98
A25: 705606 | B25: RON BAHIA GOLD 750ML X12 | C25: =VLOOKUP(A25,[2]Hoja2!$A:$F,6,0) -> 16.51 | D25: 14.11 | E25: AVV | F25: 2 | G25: 2 | J25: =+F25-G25-H25-I25 -> 0 | K25: =+H25*D25 -> 0 | O25: PAN | P25: 26.9
A26: 128973 | B26: TAKIS ORIGINAL 56G FLOW BAR EXP X42 | C26: =VLOOKUP(A26,[2]Hoja3!$D:$P,13,0) -> 2.5 | D26: 1.7 | E26: BIM | F26: 3 | H26: 3 | I26: =+F26-G26-H26 -> 0 | J26: =+F26-G26-H26-I26 -> 0 | K26: =+H26*D26 -> 5.1 | L26: CL1 | O26: PBA | P26: 334.9
A27: 128975 | B27: TAKIS XPLOSION 56G FLOW BAR EXP X42 | C27: =VLOOKUP(A27,[2]Hoja3!$D:$P,13,0) -> 2.5 | D27: 1.7 | E27: BIM | F27: 4 | H27: 4 | I27: =+F27-G27-H27 -> 0 | J27: =+F27-G27-H27-I27 -> 0 | K27: =+H27*D27 -> 6.8 | L27: CL1 | O27: PFA | P27: 611.05
A28: 128976 | B28: TAKIS FUEGO 56G FLOW BAR EXP X42 | C28: =VLOOKUP(A28,[2]Hoja3!$D:$P,13,0) -> 2.5 | D28: 1.7 | E28: BIM | F28: 2 | H28: 2 | I28: =+F28-G28-H28 -> 0 | J28: =+F28-G28-H28-I28 -> 0 | K28: =+H28*D28 -> 3.4 | L28: CL1 | O28: PIC
A29: 673 | B29: C&C FRUIT PUNCH 355ML X 24 | C29: =VLOOKUP(A29,[2]Hoja2!$A:$F,6,0) -> 2.99 | D29: 2.5 | E29: C&C | F29: 4 | H29: 3 | I29: =+F29-G29-H29 -> 1 | J29: =+F29-G29-H29-I29 -> 0 | K29: =+H29*D29 -> 7.5 | L29: CL2 | O29: PRE | P29: 82.88
A30: 675 | B30: C&C GRAPE LATA 355ML X 24 | C30: =VLOOKUP(A30,[2]Hoja2!$A:$F,6,0) -> 2.99 | D30: 2.5 | E30: C&C | F30: 1 | H30: 1 | I30: =+F30-G30-H30 -> 0 | J30: =+F30-G30-H30-I30 -> 0 | K30: =+H30*D30 -> 2.5 | L30: CL2 | O30: PRR | P30: 2542.93
A31: 1003001 | B31: TEQUILA JOSE CUER RUB (ESP) 750ML X12 | C31: 49.98 | D31: 48.42 | E31: CAR | F31: 1 | G31: 1 | J31: =+F31-G31-H31-I31 -> 0 | K31: =+H31*D31 -> 0 | O31: RPD | P31: 254.46
A32: 1003002 | B32: TEQUILA JOSE C BLANCO(ESP) 750ML X12 | C32: =VLOOKUP(A32,[2]Hoja2!$A:$F,6,0) -> 59.76 | D32: 52 | E32: CAR | F32: 2 | G32: 2 | J32: =+F32-G32-H32-I32 -> 0 | K32: =+H32*D32 -> 0 | O32: RTD
A33: 40000041 | B33: R.CARTAVIO SUPERIOR 750ML X12 | D33: 20.62 | E33: CAR | F33: 0 | G33: 0 | J33: =+F33-G33-H33-I33 -> 0 | O33: SAL | P33: 0
A34: 40000042 | B34: R.CARTAVIO BLACK 750ML X12 | D34: 20.61 | E34: CAR | F34: 0 | G34: 0 | J34: =+F34-G34-H34-I34 -> 0 | O34: SIG
A35: 40000055 | B35: R.CARTAVIO XO 50ML X120 | D35: 13.78 | E35: CAR | F35: 0 | J35: =+F35-G35-H35-I35 -> 0 | O35: SQL | P35: 153.08
A36: 40000106 | B36: WHIS.OLD TIMES BLACK 750ML X12 | D36: 20.86 | E36: CAR | F36: 0 | G36: 0 | J36: =+F36-G36-H36-I36 -> 0 | O36: TCM | P36: 66.17
A37: 40000107 | B37: WHIS.OLD TIMES RED 750ML X12 | D37: 19.36 | E37: CAR | F37: 0 | G37: 0 | J37: =+F37-G37-H37-I37 -> 0 | O37: VDO | P37: 0
A38: 40000108 | B38: VODKA RUSSKAYA 750ML X12 | D38: 18.62 | E38: CAR | F38: 0 | G38: 0 | J38: =+F38-G38-H38-I38 -> 0 | O38: YIC | P38: 175.41
A39: 40000157 | B39: R.CARTAVIO XO 750ML X6 | C39: =VLOOKUP(A39,[2]Hoja2!$A:$F,6,0) -> 196.71 | D39: 163.86 | E39: CAR | F39: 2 | I39: 2 | J39: =+F39-G39-H39-I39 -> 0 | K39: =+H39*D39 -> 0 | O39: (en blanco)
A40: 40000785 | B40: R.CARTAVIO RESERVA 750ML X12 | C40: =VLOOKUP(A40,[2]Hoja2!$A:$F,6,0) -> 45.97 | D40: 37.26 | E40: CAR | F40: 1 | H40: 1 | I40: =+F40-G40-H40 -> 0 | J40: =+F40-G40-H40-I40 -> 0 | K40: =+H40*D40 -> 37.26 | L40: CL2 | O40: Total general | P40: 6077.42 | Q40: =+GETPIVOTDATA("Soles",$O$3)*5% -> 303.871 | R40: =+GETPIVOTDATA("Soles",$O$3)+Q40 -> 6381.291
A41: 40000934 | B41: R.CART.SELECTO 5AÑ BLANCO 750ML X12 | D41: 23.34 | E41: CAR | F41: 0 | G41: 0 | J41: =+F41-G41-H41-I41 -> 0
A42: 40001153 | B42: R.CARTAVIO GRAN SOLERA 750M6 X 6 | C42: =VLOOKUP(A42,[2]Hoja2!$A:$F,6,0) -> 131.34 | D42: 108.39 | E42: CAR | F42: 3 | G42: 3 | J42: =+F42-G42-H42-I42 -> 0 | K42: =+H42*D42 -> 0
A43: 40001241 | B43: PISCO DECANTO QUEBRANTA 750ML X 12 | C43: =VLOOKUP(A43,[2]Hoja2!$A:$F,6,0) -> 23.38 | D43: 21.26 | E43: CAR | F43: 2 | H43: 1 | I43: =+F43-G43-H43 -> 1 | J43: =+F43-G43-H43-I43 -> 0 | K43: =+H43*D43 -> 21.26 | L43: CL2
A44: 40001242 | B44: PISCO DECANTO ACHOLADO 750ML X 12 | C44: =VLOOKUP(A44,[2]Hoja2!$A:$F,6,0) -> 23.39 | D44: 21.26 | E44: CAR | F44: 1 | G44: 1 | J44: =+F44-G44-H44-I44 -> 0 | K44: =+H44*D44 -> 0
A45: 40001243 | B45: PISCO DECANTO ITALIA 750ML X 12 | C45: =VLOOKUP(A45,[2]Hoja2!$A:$F,6,0) -> 23.38 | D45: 21.26 | E45: CAR | F45: 2 | H45: 1 | I45: =+F45-G45-H45 -> 1 | J45: =+F45-G45-H45-I45 -> 0 | K45: =+H45*D45 -> 21.26 | L45: CL2
A46: 40001310 | B46: WHISKY OLD TIMES GOLD 750ML X 12 | C46: =VLOOKUP(A46,[2]Hoja2!$A:$F,6,0) -> 23.81 | D46: 20.18 | E46: CAR | F46: 2 | H46: 1 | I46: =+F46-G46-H46 -> 1 | J46: =+F46-G46-H46-I46 -> 0 | K46: =+H46*D46 -> 20.18 | L46: CL2
A47: 5000205 | B47: TEQUILA 1800 REPOSADO 750 ML X12 | C47: =VLOOKUP(A47,[2]Hoja2!$A:$F,6,0) -> 125.79 | D47: 105.8 | E47: CAR | F47: 1 | G47: 1 | J47: =+F47-G47-H47-I47 -> 0 | K47: =+H47*D47 -> 0
A48: 5000252 | B48: 2014 TEQUILA 1800 SILVER 750ML | C48: =VLOOKUP(A48,[2]Hoja2!$A:$F,6,0) -> 105.07 | D48: 94.56 | E48: CAR | F48: 2 | H48: 1 | I48: =+F48-G48-H48 -> 1 | J48: =+F48-G48-H48-I48 -> 0 | K48: =+H48*D48 -> 94.56 | L48: CL2
A49: 5000434 | B49: TEQUILA 1800 CRISTALINO 700 ML X6 | C49: =VLOOKUP(A49,[2]Hoja2!$A:$F,6,0) -> 210.92 | D49: 158 | E49: CAR | F49: 2 | G49: 2 | J49: =+F49-G49-H49-I49 -> 0 | K49: =+H49*D49 -> 0
A50: 5000448 | B50: R.KRAKEN BLACK SPICED 750ML X12 | C50: =VLOOKUP(A50,[2]Hoja2!$A:$F,6,0) -> 94.52 | D50: 73.63 | E50: CAR | F50: 3 | H50: 1 | I50: =+F50-G50-H50 -> 2 | J50: =+F50-G50-H50-I50 -> 0 | K50: =+H50*D50 -> 73.63 | L50: CL2
A51: 5000519 | B51: TEQ. JC ESP SILVER CALAVERA X 750 ML | C51: =VLOOKUP(A51,[2]Hoja2!$A:$F,6,0) -> 62.9 | D51: 56.61 | E51: CAR | F51: 1 | G51: 1 | J51: =+F51-G51-H51-I51 -> 0 | K51: =+H51*D51 -> 0
A52: 010023 | B52: VINO PATRONAL CARMENERE X750ML X6 | C52: =VLOOKUP(A52,[2]Hoja2!$A:$F,6,0) -> 70.19 | D52: 66.17 | E52: COP | F52: 2 | G52: 2 | J52: =+F52-G52-H52-I52 -> 0 | K52: =+H52*D52 -> 0
A53: 1500100 | B53: RON MANDATARIO SOLERA 700ML X12 | D53: 57.1 | E53: COP | F53: 0 | J53: =+F53-G53-H53-I53 -> 0
A54: 80010001 | B54: RON MANDATARIO XO 700ML X6 | D54: 121.41 | E54: COP | F54: 0 | J54: =+F54-G54-H54-I54 -> 0
A55: AC0353 | B55: VINO BORGOÑA ABOCADO 750ML X12 | C55: =VLOOKUP(A55,[2]Hoja2!$A:$F,6,0) -> 12.06 | D55: 10.35 | E55: COP | F55: 1 | G55: 1 | J55: =+F55-G55-H55-I55 -> 0 | K55: =+H55*D55 -> 0
A56: AC0354 | B56: VINO ROSE SEMI SECO 750ML X12 | C56: =VLOOKUP(A56,[2]Hoja2!$A:$F,6,0) -> 12.06 | D56: 10.35 | E56: COP | F56: 2 | G56: 2 | J56: =+F56-G56-H56-I56 -> 0 | K56: =+H56*D56 -> 0
A57: AC0459 | B57: PIS.MOSTO V.TORONTO C/ART.750ML X6 | D57: 0 | E57: COP | F57: 0 | J57: =+F57-G57-H57-I57 -> 0
A58: AC0460 | B58: PIS.MOSTO.V.ACHOLADO C/ART.750ML X6 | C58: =VLOOKUP(A58,[2]Hoja2!$A:$F,6,0) -> 78.52 | D58: 64.99 | E58: COP | F58: 1 | G58: 1 | J58: =+F58-G58-H58-I58 -> 0 | K58: =+H58*D58 -> 0
A59: AC0461 | B59: PIS.MOSTO V.QUEBRANTA C/ART.750ML X6 | C59: =VLOOKUP(A59,[2]Hoja2!$A:$F,6,0) -> 78.52 | D59: 64.99 | E59: COP | F59: 1 | G59: 1 | J59: =+F59-G59-H59-I59 -> 0 | K59: =+H59*D59 -> 0
A60: AC0462 | B60: PIS.MOSTO V.ITALIA C/ART.750ML X6 | C60: =VLOOKUP(A60,[2]Hoja2!$A:$F,6,0) -> 78.52 | D60: 64.99 | E60: COP | F60: 1 | G60: 1 | J60: =+F60-G60-H60-I60 -> 0 | K60: =+H60*D60 -> 0
A61: AC0468 | B61: PIS.P.4GAL.ACHOLADO 2LT X6 | C61: =VLOOKUP(A61,[2]Hoja2!$A:$F,6,0) -> 60.73 | D61: 64.99 | E61: COP | F61: 2 | H61: 1 | I61: =+F61-G61-H61 -> 1 | J61: =+F61-G61-H61-I61 -> 0 | K61: =+H61*D61 -> 64.99 | L61: CL1 | M61: F130-219742
A62: AC0482 | B62: PIS.4GAL.MOSTO V.QUEBRANTA 700ML X12 | C62: =VLOOKUP(A62,[2]Hoja2!$A:$F,6,0) -> 65.23 | D62: 55.56 | E62: COP | F62: 2 | H62: 1 | I62: =+F62-G62-H62 -> 1 | J62: =+F62-G62-H62-I62 -> 0 | K62: =+H62*D62 -> 55.56 | L62: CL1 | M62: F130-183177
A63: AC0483 | B63: PIS.P.4GAL.ACHOLADO 700ML X12 | C63: =VLOOKUP(A63,[2]Hoja2!$A:$F,6,0) -> 36.79 | D63: 30.7 | E63: COP | F63: 2 | H63: 1 | I63: =+F63-G63-H63 -> 1 | J63: =+F63-G63-H63-I63 -> 0 | K63: =+H63*D63 -> 30.7 | L63: CL1 | M63: F131-373
A64: AC0484 | B64: PIS.P.4GAL.ITALIA 700ML X12 | C64: =VLOOKUP(A64,[2]Hoja2!$A:$F,6,0) -> 36.79 | D64: 30.7 | E64: COP | F64: 8 | G64: 8 | J64: =+F64-G64-H64-I64 -> 0 | K64: =+H64*D64 -> 0
A65: AC0485 | B65: PIS.P.4GAL.QUEBRANTA 700ML X12 | D65: 0 | E65: COP | F65: 0 | J65: =+F65-G65-H65-I65 -> 0
A66: AC0487 | B66: PIS.4GAL.MOSTO V.ACHOLADO 700ML X12 | C66: =VLOOKUP(A66,[2]Hoja2!$A:$F,6,0) -> 65.23 | D66: 58.34 | E66: COP | F66: 1 | G66: 1 | J66: =+F66-G66-H66-I66 -> 0 | K66: =+H66*D66 -> 0
A67: AC0488 | B67: PIS.4GAL.MOSTO V.ITALIA 700ML X12 | C67: =VLOOKUP(A67,[2]Hoja2!$A:$F,6,0) -> 65.23 | D67: 55.56 | E67: COP | F67: 3 | G67: 3 | J67: =+F67-G67-H67-I67 -> 0 | K67: =+H67*D67 -> 0
A68: AC0499 | B68: PIS PURO ACHOLADO X700 4GALLOS +2JARR- | C68: =VLOOKUP(A68,[2]Hoja2!$A:$F,6,0) -> 41.5 | D68: 35.5 | E68: COP | F68: 1 | G68: 1 | J68: =+F68-G68-H68-I68 -> 0 | K68: =+H68*D68 -> 0
A69: AC20036 | B69: VINO BORGOÑA PACK 750ML+2V X6 | D69: 26.04 | E69: COP | F69: 0 | J69: =+F69-G69-H69-I69 -> 0
A70: AC20038 | B70: VINO ROSE 2VASOS SEMI SECO 750ML X6 | D70: 26.04 | E70: COP | F70: 0 | J70: =+F70-G70-H70-I70 -> 0
A71: 11078 | B71: LAGUNITAS IPA BOTELLA 354 ML X 12 UN | C71: =VLOOKUP(A71,[2]Hoja2!$A:$F,6,0) -> 16.03 | D71: 13 | E71: ESM | F71: 1 | H71: 1 | J71: =+F71-G71-H71-I71 -> 0 | K71: =+H71*D71 -> 13 | L71: CL1
A72: 251652 | B72: NUTELLA B READY X 36 UNID | D72: 2.94 | E72: ESM | F72: 0 | J72: =+F72-G72-H72-I72 -> 0
A73: 628892 | B73: NUTELLA I GO BREADSTICK WITH X 16 UND | D73: 6.56 | E73: ESM | F73: 0 | J73: =+F73-G73-H73-I73 -> 0
A74: CERV05 | B74: CERVEZA SAMUEL ADAMS BOT ML X 24 | C74: =VLOOKUP(A74,[2]Hoja2!$A:$F,6,0) -> 16.03 | D74: 13 | E74: ESM | F74: 1 | H74: 1 | J74: =+F74-G74-H74-I74 -> 0 | K74: =+H74*D74 -> 13 | L74: CL1
A75: 2022 | B75: MEX CREAM MANGO CON TEQUILA 750ML X 6 | C75: =VLOOKUP(A75,[2]Hoja2!$A:$F,6,0) -> 61.53 | D75: 53 | E75: EXC | F75: 2 | G75: 2 | J75: =+F75-G75-H75-I75 -> 0 | K75: =+H75*D75 -> 0
A76: 2023 | B76: MEX CREAM FRESA CON TEQUILA 750ML X 6 | D76: 53 | E76: EXC | F76: 0 | J76: =+F76-G76-H76-I76 -> 0
A77: 669 | B77: PISCO SOL/T QUEBRANTA 4L X 4 | C77: =VLOOKUP(A77,[2]Hoja2!$A:$F,6,0) -> 72.6 | D77: 61.25 | E77: EXC | F77: 1 | G77: 1 | J77: =+F77-G77-H77-I77 -> 0 | K77: =+H77*D77 -> 0
A78: GF0001 | B78: GOLD PREMIUM FORTUNE X750ML X6 | D78: 35.09 | E78: EXC | F78: 0 | J78: =+F78-G78-H78-I78 -> 0
A79: GF0002 | B79: GOLD PREMIUM (FUSION) GLACIAR 750ML X6 | C79: =VLOOKUP(A79,[2]Hoja2!$A:$F,6,0) -> 46.52 | D79: 35.09 | E79: EXC | F79: 2 | G79: 2 | J79: =+F79-G79-H79-I79 -> 0 | K79: =+H79*D79 -> 0
A80: GF0003 | B80: GOLD FUSION VULCANO 750ML X6 | C80: =VLOOKUP(A80,[2]Hoja2!$A:$F,6,0) -> 46.52 | D80: 35.05 | E80: EXC | F80: 2 | G80: 2 | J80: =+F80-G80-H80-I80 -> 0 | K80: =+H80*D80 -> 0
A81: GF0005 | B81: GOLD PREMIUM ROMANTIC X750ML X6 | C81: =VLOOKUP(A81,[2]Hoja2!$A:$F,6,0) -> 46.52 | D81: 37.5 | E81: EXC | F81: 1 | G81: 1 | J81: =+F81-G81-H81-I81 -> 0 | K81: =+H81*D81 -> 0
A82: GF0006 | B82: GOLD PREMIUM WILD X750ML X6 | C82: =VLOOKUP(A82,[2]Hoja2!$A:$F,6,0) -> 46.52 | D82: 37.5 | E82: EXC | F82: 1 | G82: 1 | J82: =+F82-G82-H82-I82 -> 0 | K82: =+H82*D82 -> 0
A83: GF0007 | B83: GOLD PREMIUM ENIGMA X750ML X6 | D83: 37.5 | E83: EXC | F83: 0 | J83: =+F83-G83-H83-I83 -> 0
A84: GF0008 | B84: GOLD FUSION INFINITY X750ML X6 | C84: =VLOOKUP(A84,[2]Hoja2!$A:$F,6,0) -> 46.52 | D84: 37.5 | E84: EXC | F84: 2 | G84: 2 | J84: =+F84-G84-H84-I84 -> 0 | K84: =+H84*D84 -> 0
A85: GF0011B | B85: GOLD FUSION ENIGMA 375ML | C85: 0 | D85: 0 | E85: EXC | F85: 1 | G85: 1 | J85: =+F85-G85-H85-I85 -> 0 | K85: =+H85*D85 -> 0
A86: GF0016 | B86: GOLD PREMIUM MANGO 750ML X6 | D86: 34.15 | E86: EXC | F86: 0 | J86: =+F86-G86-H86-I86 -> 0
A87: 047013 | B87: PAULANER MUNCHNER HELL LATA 500ML | D87: 6.5 | E87: FDL | F87: 0 | J87: =+F87-G87-H87-I87 -> 0
A88: 047054B | B88: PAULANER SALVATOR BOTELLA 300ML -BONIFICACION | C88: 0 | D88: 0 | E88: FDL | F88: 3 | G88: 3 | J88: =+F88-G88-H88-I88 -> 0 | K88: =+H88*D88 -> 0
A89: 251326B | B89: PAULANER VASO WEISSBIER 300ML BONI | C89: 0 | D89: 0 | E89: FDL | F89: 20 | H89: 15 | I89: 5 | J89: =+F89-G89-H89-I89 -> 0 | K89: =+H89*D89 -> 0 | L89: CL1
A90: DIS0000273 | B90: VF CHAMPIÑONES X 310GR | D90: 0 | E90: GCC | F90: 0 | J90: =+F90-G90-H90-I90 -> 0
A91: DIS0000277 | B91: VF ESPARRAGOS BLANCOS X 360GR | D91: 0 | E91: GCC | F91: 0 | J91: =+F91-G91-H91-I91 -> 0
A92: DIS0000278 | B92: VF ESPARRAGOS VERDES X 360GR | D92: 0 | E92: GCC | F92: 0 | J92: =+F92-G92-H92-I92 -> 0
A93: PAR0000014 | B93: BRAZA MECHEROS X UND. | C93: =VLOOKUP(A93,[2]Hoja2!$A:$F,6,0) -> 1.05 | D93: 0.8 | E93: GCC | F93: 6 | H93: 6 | I93: =+F93-G93-H93 -> 0 | J93: =+F93-G93-H93-I93 -> 0 | K93: =+H93*D93 -> 4.8 | L93: CL1
A94: DIS0276 | B94: PALMITOS ENTEROS 280GR X12 FCO | C94: =VLOOKUP(A94,[2]Hoja2!$A:$F,6,0) -> 15.28 | D94: 11.65 | E94: GCP | F94: 1 | H94: 1 | I94: =+F94-G94-H94 -> 0 | J94: =+F94-G94-H94-I94 -> 0 | K94: =+H94*D94 -> 11.65 | L94: CL1
A95: V0843 | B95: VINO CRIMINAL VARIETAL MALBEC 750ML X 6 | C95: =VLOOKUP(A95,[2]Hoja2!$A:$F,6,0) -> 45.63 | D95: 36 | E95: GKP | F95: 4 | G95: 4 | J95: =+F95-G95-H95-I95 -> 0
A96: V0844 | B96: CRIMINAL COLECCION PRIVADA ROBLE MALBEC 750ML X 6 | C96: =VLOOKUP(A96,[2]Hoja2!$A:$F,6,0) -> 65.73 | D96: 52 | E96: GKP | F96: 2 | H96: 1 | I96: =+F96-G96-H96 -> 1 | J96: =+F96-G96-H96-I96 -> 0 | K96: =+H96*D96 -> 52 | L96: CL1
A97: ISMG0276 | B97: AGUA CIELO SIN/G 625MLX15 | D97: 10.78 | E97: ISM | F97: 0 | J97: =+F97-G97-H97-I97 -> 0
A98: ISMG0277 | B98: 1 UND AGUA CIELO SIN/G 625MLX15 | D98: 0 | E98: ISM | F98: 0 | J98: =+F98-G98-H98-I98 -> 0
A99: 0102001 | B99: WHIS.BALLANTINES FINEST 700ML X12 | D99: 32 | E99: IWA | F99: 0 | J99: =+F99-G99-H99-I99 -> 0
A100: 0104001 | B100: WHIS.CHIVAS REGAL 12AÑ 700ML X12 | D100: 63 | E100: IWA | F100: 0 | J100: =+F100-G100-H100-I100 -> 0
...

Sheet ABC
A1: CodigoInternoAux | B1: Descripcion | C1: CantidadVendida | D1: ABC
A2: 403859 | B2: BIFE ANGOSTO CHOICE 2U X 300GR | C2: 11 | D2: A
A3: CHAR07 | B3: CH. FINAS HIERBAS | C3: 9 | D3: A
A4: CHAR10 | B4: CH.ARTESANAL PARRILLERO | C4: 7 | D4: A
A5: 102025 | B5: BENEDIKTINER FESTBIER LATA 500 ML | C5: 6 | D5: A
A6: ENT104 | B6: ENTRAÑA FINA ANGUS 0.75KG - 1KG | C6: 6 | D6: A
A7: CHAR04 | B7: CHIMICHURRI CLASICO | C7: 5 | D7: A
A8: EMGR016 | B8: CHORIZO MERME-ROCOTO 140G OSSO | C8: 5 | D8: A
A9: IMP00057 | B9: TOMAHAWH STERLING 1.3 - 1.5 KG | C9: 4 | D9: A
A10: 0504001 | B10: C/T FRONT.CABERNET SAUVIGNON 750ML X12 | C10: 4 | D10: A
A11: DUFF01 | B11: DUFF LATA 330ML X 4 | C11: 4 | D11: A
A12: BFA001 | B12: BIFE ANGOSTO MADURADO GRAIN FED ANGUS 800GR-1.2KG | C12: 3 | D12: A
A13: NMP16 | B13: CERVEZA MODELO ESPECIAL BT 355ML X 12 | C13: 3 | D13: A
... A68: WHI0348 | B68: WHIS.JOHNNIE W.RED LABEL 750ML X12 | C68: 1 | D68: C

Sheet Ranking
A1: CodigoInternoAux | B1: Descripcion | C1: CantidadVendida | D1: Ranking | E1: PromedioDiario | F1: PromedioMensual | G1: %Participacion | H1: %Acum | I1: ABC
A2: 403859 | B2: BIFE ANGOSTO CHOICE 2U X 300GR | C2: 11 | D2: 1 | E2: 0.35483871 | F2: 11 | G2: 0.072847682 | H2: 0.072847682 | I2: A
A3: CHAR07 | B3: CH. FINAS HIERBAS | C3: 9 | D3: 2 | E3: 0.29032258 | F3: 9 | G3: 0.059602649 | H3: 0.13245033 | I3: A
A4: CHAR10 | B4: CH.ARTESANAL PARRILLERO | C4: 7 | D4: 3 | E4: 0.22580645 | F4: 7 | G4: 0.046357616 | H4: 0.17880795 | I4: A
A5: 102025 | B5: BENEDIKTINER FESTBIER LATA 500 ML | C5: 6 | D5: 4 | E5: 0.19354839 | F5: 6 | G5: 0.039735099 | H5: 0.21854305 | I5: A
A6: ENT104 | B6: ENTRAÑA FINA ANGUS 0.75KG - 1KG | C6: 6 | D6: 5 | E6: 0.19354839 | F6: 6 | G6: 0.039735099 | H6: 0.25827815 | I6: A
A7: CHAR04 | B7: CHIMICHURRI CLASICO | C7: 5 | D7: 6 | E7: 0.16129032 | F7: 5 | G7: 0.033112583 | H7: 0.29139073 | I7: A
A8: EMGR016 | B8: CHORIZO MERME-ROCOTO 140G OSSO | C8: 5 | D8: 7 | E8: 0.16129032 | F8: 5 | G8: 0.033112583 | H8: 0.32450331 | I8: A
A9: IMP00057 | B9: TOMAHAWH STERLING 1.3 - 1.5 KG | C9: 4 | D9: 8 | E9: 0.12903226 | F9: 4 | G9: 0.026490066 | H9: 0.35099338 | I9: A
A10: 0504001 | B10: C/T FRONT.CABERNET SAUVIGNON 750ML X12 | C10: 4 | D10: 9 | E10: 0.12903226 | F10: 4 | G10: 0.026490066 | H10: 0.37748344 | I10: A
A11: DUFF01 | B11: DUFF LATA 330ML X 4 | C11: 4 | D11: 10 | E11: 0.12903226 | F11: 4 | G11: 0.026490066 | H11: 0.40397351 | I11: A
A12: BFA001 | B12: BIFE ANGOSTO MADURADO GRAIN FED ANGUS 800GR-1.2KG | C12: 3 | D12: 11 | E12: 0.096774194 | F12: 3 | G12: 0.01986755 | H12: 0.42384106 | I12: A
A13: NMP16 | B13: CERVEZA MODELO ESPECIAL BT 355ML X 12 | C13: 3 | D13: 12 | E13: 0.096774194 | F13: 3 | G13: 0.01986755 | H13: 0.44370861 | I13: A
... A68: WHI0348 | B68: WHIS.JOHNNIE W.RED LABEL 750ML X12 | C68: 1 | D68: 67 | E68: 0.032258065 | F68: 1 | G68: 0.0066225166 | H68: 1 | I68: C
